{"cameraMode":{"drawMode":0,"name":"Shaded","section":"Shading Mode"},"sceneLighting":false,"audioPlay":false,"sceneViewState":{"m_AlwaysRefresh":false,"showFog":true,"showSkybox":false,"showFlares":true,"showImageEffects":true,"showParticleSystems":true,"showVisualEffectGraphs":true,"m_FxEnabled":true},"in2DMode":false,"pivot":{"x":10.73055648803711,"y":1.3917174339294434,"z":-5.573333740234375},"rotation":{"x":0.03657815605401993,"y":0.04134615883231163,"z":-0.0014260949101299048,"w":0.9985712766647339},"size":5.554898262023926,"orthographic":true}