{"cameraMode":{"drawMode":0,"name":"Shaded","section":"Shading Mode"},"sceneLighting":true,"audioPlay":false,"sceneViewState":{"m_AlwaysRefresh":false,"showFog":true,"showSkybox":true,"showFlares":true,"showImageEffects":true,"showParticleSystems":true,"showVisualEffectGraphs":true,"m_FxEnabled":true},"in2DMode":false,"pivot":{"x":-70.54000091552735,"y":7.989999771118164,"z":146.49000549316407},"rotation":{"x":0.00017852676683105528,"y":-0.9996503591537476,"z":0.027306608855724336,"w":0.006289202254265547},"size":12.12435531616211,"orthographic":false}