{"cameraMode":{"drawMode":0,"name":"Shaded","section":"Shading Mode"},"sceneLighting":true,"audioPlay":false,"sceneViewState":{"m_AlwaysRefresh":false,"showFog":true,"showSkybox":true,"showFlares":true,"showImageEffects":true,"showParticleSystems":true,"showVisualEffectGraphs":true,"m_FxEnabled":true},"in2DMode":false,"pivot":{"x":336.10626220703127,"y":342.0060729980469,"z":12.816314697265625},"rotation":{"x":0.03657815605401993,"y":0.04134615883231163,"z":-0.0014260949101299048,"w":0.9985712766647339},"size":75.41481018066406,"orthographic":true}