{"cameraMode":{"drawMode":0,"name":"Shaded","section":"Shading Mode"},"sceneLighting":true,"audioPlay":false,"sceneViewState":{"m_AlwaysRefresh":false,"showFog":true,"showSkybox":true,"showFlares":true,"showImageEffects":true,"showParticleSystems":true,"showVisualEffectGraphs":true,"m_FxEnabled":true},"in2DMode":false,"pivot":{"x":-17.31488037109375,"y":28.782169342041017,"z":165.57252502441407},"rotation":{"x":0.03730505704879761,"y":-0.9361984133720398,"z":0.10463317483663559,"w":0.3335818350315094},"size":56.89912414550781,"orthographic":false}